{
  "Full": {
    "MAE": 2.7276101112365723,
    "RMSE": 4.964766025543213,
    "RMSLE": 0.34906885027885437,
    "WAPE": 20.24532699584961,
    "R2": 0.9425025180610125,
    "CSI": 0.7286571296723581
  },
  "no-adaptive-graph": {
    "MAE": 2.68449330329895,
    "RMSE": 4.8976030349731445,
    "RMSLE": 0.3486213684082031,
    "WAPE": 19.925296783447266,
    "R2": 0.944047638582622,
    "CSI": 0.7246645071726052
  },
  "no-socio": {
    "MAE": 2.661102533340454,
    "RMSE": 4.8251543045043945,
    "RMSLE": 0.34587088227272034,
    "WAPE": 19.75168228149414,
    "R2": 0.9456907759474854,
    "CSI": 0.7380191693290735
  },
  "no-spatial": {
    "MAE": 2.7685229778289795,
    "RMSE": 5.109340190887451,
    "RMSLE": 0.3476226031780243,
    "WAPE": 20.54899787902832,
    "R2": 0.9391051042300312,
    "CSI": 0.718794159208667
  },
  "ZINB-loss": {
    "MAE": 2.7132408618927,
    "RMSE": 4.779496192932129,
    "RMSLE": 0.39461657404899597,
    "WAPE": 20.138671875,
    "R2": 0.946713707237975,
    "CSI": 0.7328174783796085
  }
}