{
  "Full": {
    "MAE": 2.6485493183135986,
    "RMSE": 4.786018371582031,
    "RMSLE": 0.3458123207092285,
    "WAPE": 19.65850830078125,
    "R2": 0.9465681827867416,
    "CSI": 0.7370100273473108
  },
  "no-adaptive-graph": {
    "MAE": 2.673985481262207,
    "RMSE": 4.853858947753906,
    "RMSLE": 0.34607166051864624,
    "WAPE": 19.847305297851562,
    "R2": 0.945042683666087,
    "CSI": 0.736697247706422
  },
  "no-socio": {
    "MAE": 2.739686965942383,
    "RMSE": 5.011419773101807,
    "RMSLE": 0.34859782457351685,
    "WAPE": 20.334964752197266,
    "R2": 0.9414168381088054,
    "CSI": 0.7193308550185874
  },
  "no-spatial": {
    "MAE": 2.7048797607421875,
    "RMSE": 4.9355854988098145,
    "RMSLE": 0.3459900915622711,
    "WAPE": 20.07661247253418,
    "R2": 0.9431764153209978,
    "CSI": 0.7264595103578154
  },
  "ZINB-loss": {
    "MAE": 2.8544235229492188,
    "RMSE": 5.048411846160889,
    "RMSLE": 0.42915621399879456,
    "WAPE": 21.186582565307617,
    "R2": 0.9405487742571378,
    "CSI": 0.7118881118881119
  }
}