{
  "Full": {
    "MAE": 2.6473608016967773,
    "RMSE": 4.820164203643799,
    "RMSLE": 0.3447774350643158,
    "WAPE": 19.649686813354492,
    "R2": 0.9458030458244793,
    "CSI": 0.7409972299168975
  },
  "no-adaptive-graph": {
    "MAE": 2.861177921295166,
    "RMSE": 5.337626934051514,
    "RMSLE": 0.35296398401260376,
    "WAPE": 21.23671531677246,
    "R2": 0.933541943049303,
    "CSI": 0.7056872037914692
  },
  "no-socio": {
    "MAE": 2.6809165477752686,
    "RMSE": 4.863709449768066,
    "RMSLE": 0.3465650975704193,
    "WAPE": 19.89874839782715,
    "R2": 0.9448193949031999,
    "CSI": 0.7301808066759388
  },
  "no-spatial": {
    "MAE": 2.718964099884033,
    "RMSE": 4.957788944244385,
    "RMSLE": 0.3477093279361725,
    "WAPE": 20.18115234375,
    "R2": 0.9426640123716101,
    "CSI": 0.7286108555657773
  },
  "ZINB-loss": {
    "MAE": 2.7979259490966797,
    "RMSE": 4.944687843322754,
    "RMSLE": 0.4128822982311249,
    "WAPE": 20.767236709594727,
    "R2": 0.9429666357593042,
    "CSI": 0.7296918767507002
  }
}