{
  "seed": 2,
  "metrics": {
    "HA": {
      "MAE": 2.5883407592773438,
      "RMSE": 4.618919372558594,
      "RMSLE": 0.34839650988578796,
      "WAPE": 19.21161651611328,
      "R2": 0.9502340863563499,
      "CSI": 0.7445652173913043
    },
    "LSTM": {
      "MAE": 2.6857500076293945,
      "RMSE": 4.9197258949279785,
      "RMSLE": 0.3452625870704651,
      "WAPE": 19.93462371826172,
      "R2": 0.9435410172407529,
      "CSI": 0.7259887005649718
    },
    "STGCN": {
      "MAE": 2.66316556930542,
      "RMSE": 4.858539581298828,
      "RMSLE": 0.34546583890914917,
      "WAPE": 19.76699447631836,
      "R2": 0.9449366349340256,
      "CSI": 0.7316845543630425
    },
    "GraphWaveNet": {
      "MAE": 2.5730502605438232,
      "RMSE": 4.646411418914795,
      "RMSLE": 0.34314557909965515,
      "WAPE": 19.098127365112305,
      "R2": 0.9496399069076348,
      "CSI": 0.7561314206385933
    },
    "DCRNN": {
      "MAE": 2.655470371246338,
      "RMSE": 4.826690673828125,
      "RMSLE": 0.34459784626960754,
      "WAPE": 19.709877014160156,
      "R2": 0.9456561764638945,
      "CSI": 0.7284122562674095
    },
    "MTGNN": {
      "MAE": 2.6367764472961426,
      "RMSE": 4.787719249725342,
      "RMSLE": 0.3453124761581421,
      "WAPE": 19.571125030517578,
      "R2": 0.9465301947326622,
      "CSI": 0.7281235376696303
    },
    "InformerOnly": {
      "MAE": 2.6858012676239014,
      "RMSE": 4.9143452644348145,
      "RMSLE": 0.34601086378097534,
      "WAPE": 19.93500518798828,
      "R2": 0.9436644408492105,
      "CSI": 0.7440257352941176
    },
    "HASI-Net": {
      "MAE": 2.723252058029175,
      "RMSE": 4.9342851638793945,
      "RMSLE": 0.34948238730430603,
      "WAPE": 20.212980270385742,
      "R2": 0.9432063564593495,
      "CSI": 0.7306976744186047
    }
  },
  "channel_weights": [
    0.3349423408508301,
    0.33468297123908997,
    0.33037465810775757
  ]
}