{
  "seed": 1,
  "metrics": {
    "HA": {
      "MAE": 2.5883407592773438,
      "RMSE": 4.618919372558594,
      "RMSLE": 0.34839650988578796,
      "WAPE": 19.21161651611328,
      "R2": 0.9502340863563499,
      "CSI": 0.7445652173913043
    },
    "LSTM": {
      "MAE": 2.6849992275238037,
      "RMSE": 4.920151233673096,
      "RMSLE": 0.3453291952610016,
      "WAPE": 19.929052352905273,
      "R2": 0.9435312572561309,
      "CSI": 0.7193064667291471
    },
    "STGCN": {
      "MAE": 2.731959819793701,
      "RMSE": 5.0515875816345215,
      "RMSLE": 0.34595853090286255,
      "WAPE": 20.277612686157227,
      "R2": 0.9404739514650988,
      "CSI": 0.7124585504500237
    },
    "GraphWaveNet": {
      "MAE": 2.5580084323883057,
      "RMSE": 4.612326622009277,
      "RMSLE": 0.3422066271305084,
      "WAPE": 18.986480712890625,
      "R2": 0.9503760531842435,
      "CSI": 0.7543538038496792
    },
    "DCRNN": {
      "MAE": 2.688438892364502,
      "RMSE": 4.924756050109863,
      "RMSLE": 0.34500306844711304,
      "WAPE": 19.95458221435547,
      "R2": 0.9434255053057418,
      "CSI": 0.723463687150838
    },
    "MTGNN": {
      "MAE": 2.658069372177124,
      "RMSE": 4.848501205444336,
      "RMSLE": 0.3448173403739929,
      "WAPE": 19.729169845581055,
      "R2": 0.9451639358845864,
      "CSI": 0.7257761053621825
    },
    "InformerOnly": {
      "MAE": 2.6387975215911865,
      "RMSE": 4.774311542510986,
      "RMSLE": 0.345120906829834,
      "WAPE": 19.58612632751465,
      "R2": 0.9468292529835562,
      "CSI": 0.7511499540018399
    },
    "HASI-Net": {
      "MAE": 2.6804020404815674,
      "RMSE": 4.849528789520264,
      "RMSLE": 0.3475055694580078,
      "WAPE": 19.894929885864258,
      "R2": 0.945140689239151,
      "CSI": 0.7315282239559431
    }
  },
  "channel_weights": [
    0.3342594504356384,
    0.3360641300678253,
    0.32967644929885864
  ]
}