{
  "seed": 42,
  "metrics": {
    "HA": {
      "MAE": 2.5883407592773438,
      "RMSE": 4.618919372558594,
      "RMSLE": 0.34839650988578796,
      "WAPE": 19.21161651611328,
      "R2": 0.9502340863563499,
      "CSI": 0.7445652173913043
    },
    "LSTM": {
      "MAE": 2.6794862747192383,
      "RMSE": 4.905884742736816,
      "RMSLE": 0.34515711665153503,
      "WAPE": 19.888134002685547,
      "R2": 0.9438582543082699,
      "CSI": 0.7253521126760564
    },
    "STGCN": {
      "MAE": 2.7223334312438965,
      "RMSE": 5.0174126625061035,
      "RMSLE": 0.3455979526042938,
      "WAPE": 20.206161499023438,
      "R2": 0.9412766444574868,
      "CSI": 0.7197724039829303
    },
    "GraphWaveNet": {
      "MAE": 2.582312822341919,
      "RMSE": 4.670064926147461,
      "RMSLE": 0.3433052599430084,
      "WAPE": 19.1668758392334,
      "R2": 0.9491258585104934,
      "CSI": 0.7530120481927711
    },
    "DCRNN": {
      "MAE": 2.700132131576538,
      "RMSE": 4.948318004608154,
      "RMSLE": 0.3455154299736023,
      "WAPE": 20.04137420654297,
      "R2": 0.94288286443633,
      "CSI": 0.7265882352941176
    },
    "MTGNN": {
      "MAE": 2.643411636352539,
      "RMSE": 4.812886714935303,
      "RMSLE": 0.3444715440273285,
      "WAPE": 19.62037467956543,
      "R2": 0.945966576282754,
      "CSI": 0.7306064880112835
    },
    "InformerOnly": {
      "MAE": 2.777820587158203,
      "RMSE": 5.226644515991211,
      "RMSLE": 0.34672361612319946,
      "WAPE": 20.61800765991211,
      "R2": 0.9362768650526749,
      "CSI": 0.731638418079096
    },
    "HASI-Net": {
      "MAE": 2.695594310760498,
      "RMSE": 4.919474124908447,
      "RMSLE": 0.34655123949050903,
      "WAPE": 20.007694244384766,
      "R2": 0.9435467988482715,
      "CSI": 0.7275655775425679
    }
  },
  "channel_weights": [
    0.3310777246952057,
    0.33795469999313354,
    0.33096763491630554
  ]
}